D. Szymański,Damian Szymański,79
T. Schrammel,Thomas Schrammel,79
M. Ritzmaier,Marcel Ritzmaier,79
G. Bonaventura,Giacomo Bonaventura,79
Fábio Martins,Fábio Santos Martins,79
M. Rodrigues,Miguel Rodrigues,79
M. Samuelsen,Martin Samuelsen,79
N. Tiknizyan,Nayair Tiknizyan,79
M. Schmelzer,Marcel Schmelzer,79
Francisco Geraldes,Francesco Verde,79
K. Kanatsızkuş,Kubilay Kanatsızkuş,79
Ferrán Torres,Ferrán Torres García,79
Fernando Canesín,Fernando Canesin Matos,79
T. Kolodziejczak,Timothée Kolodziejczak,79
T. Jodłowiec,Tomasz Jodłowiec,79
T. Goiginger,Thomas Goiginger,79
R. Niemeijer,Reuven Niemeijer,79
T. Damsgaard,Tobias Damsgaard,79
Jordi Masip,Jordi Masip López,79
M. Spielmann,Marvin Spielmann,79
Sergio Asenjo,Sergio Asenjo Andrés,79
T. Nishimura,Takuma Nishimura,79
G. Giakoumakis,Giorgos Giakoumakis,79
G. Giannoutsos,Giorgos Giannoutsos,79
T. Strakosha,Thomas Strakosha,79
M. Aebischer,Michel Aebischer,79
H. Nordtveit,Håvard Nordtveit,79
H. Hermannsson,Hjörtur Hermannsson,79
V. Tsygankov,Viktor Tsygankov,79
Alberto Martín,Alberto Moreno,79
V. Kovalenko,Viktor Kovalenko,79
R. Gagliardini,Roberto Gagliardini,79
R. Haemhouts,Robbie Haemhouts,79
M. Oikonomou,Marios Oikonomou,79
André Moreira,André Campos Moreira,79
M. Kirkeskov,Mikkel Kirkeskov,79
O. El Hajjam,Oualid El Hajjam,79
Thiago Cionek,Thiago Rangel Cionek,79
Azpilicueta,Cesar Azpilicueta,79
G. Makaridze,Giorgi Makaridze,79
O. Ben-Harush,Omri Ben Harush,79
G. Kvilitaia,Giorgi Kvilitaia,79
B. Bereszyński,Bartosz Bereszyński,79
T. Vermaelen,Thomas Vermaelen,79
G. Hendrickx,Gaëtan Hendrickx,79
B. Dejaegere,Brecht Dejaegere,79
S. Żurkowski,Szymon Żurkowski,79
R. El Hankouri,Redouan El Hankouri,79
N. Moisander,Niklas Moisander,79
F. Fischerauer,Florian Fischerauer,79
Ricardo Almeida,Ricardo Almeida Ribeiro,79
Rodrigo Pinho,Rodrigo Palacio,79
D. Le Tallec,Damien Le Tallec,79
D. Luxbacher,Daniel Luxbacher,79
D. MacKinnon,Darian MacKinnon,79
K. Coulibaly,Kalifa Coulibaly,79
D. McAllister,Kyle McAllister,79
S. Armstrong,Stuart Armstrong,79
S. Moharrami,Sadegh Moharrami,79
S. Pawłowski,Szymon Pawłowski,79
D. Sturridge,Daniel Sturridge,79
M. Zeegelaar,Marvin Zeegelaar,79
S. Missiroli,Simone Missiroli,79
D. Warmerdam,Django Warmerdam,79
S. El Shaarawy,Stephan El Shaarawy,79
S. Gustafsson,Simon Gustafson,79
K. O'Sullivan,John O'Sullivan,79
S. Ingelsson,Svante Ingelsson,79
S. Kırıntılı,Serkan Kırıntılı,79
Dani Rodríguez,Jony Rodríguez,79
S. De Petter,Steven De Petter,79
M. Warcholak,Marcin Warcholak,79
D. Dąbrowski,Damian Dąbrowski,79
D. Dessoleil,Dorian Dessoleil,79
F. El Mellali,Farid El Melali,79
R. Snodgrass,Robert Snodgrass,79
S. Zwierschitz,Stephan Zwierschitz,79
M. Szczepaniak,Mateusz Szczepaniak,79
M. Thurnwald,Manuel Thurnwald,79
S. Whittaker,Steven Whittaker,79
M. Tisserand,Marcel Tisserand,79
R. Thelander,Rasmus Thelander,79
N. De Medina,Nathan De Medina,79
Cristian Rivero,Cristian Rivero Sabater,79
S. Sydorchuk,Serhiy Sydorchuk,79
S. Skrzybski,Steven Skrzybski,79
M. Twarowski,Maciej Twarowski,79
D. Baumgartner,Dominik Baumgartner,79
D. Brosinski,Daniel Brosinski,79
D. Caligiuri,Daniel Caligiuri,79
S. Ristovski,Stefan Ristovski,79
M. Urynowicz,Marcin Urynowicz,79
M. Van Damme,Miguel Van Damme,79
E. Masciangelo,Edoardo Masciangelo,79
Raphael Rossi,Raphael Rossi Branco,79
F. Gulbrandsen,Fredrik Gulbrandsen,79
A. Thomasson,Adrien Thomasson,79
K. Michalski,Kacper Michalski,79
M. Elyounoussi,Mohamed Elyounoussi,79
M. Gregoritsch,Michael Gregoritsch,79
M. Locatelli,Manuel Locatelli,79
P. Hrošovský,Patrik Hrošovský,79
M. Lestienne,Maxime Lestienne,79
Philipe Sampaio,Philipe Sampaio Azevedo,79
Ivo Rodrigues,Kévin Rodrigues,79
M. Damsgaard,Mikkel Damsgaard,79
Ignasi Miquel,Ignasi Miquel i Pons,79
M. Christiansen,Peter Christiansen,79
A. Calabresi,Arturo Calabresi,79
Iago Falqué,Iago Falqué Silva,79
M. Budziński,Marcin Budziński,79
A. Bouchalakis,Andreas Bouchalakis,79
J. Schauerte,Julian Schauerte,79
Z. Junuzović,Zlatko Junuzović,79
A. Jahanbakhsh,Alireza Jahanbakhsh,79
P. Stępiński,Patryk Stępiński,79
M. Dąbrowski,Maciej Dąbrowski,79
A. Christiansen,Peter Christiansen,79
P. van Aanholt,Patrick van Aanholt,79
Y. Seleznyov,Yevhen Seleznyov,79
P. Wernbloom,Pontus Wernbloom,79
J. Cillessen,Jasper Cillessen,79
J. Lindstrøm,Jesper Lindstrøm,79
P. Tuszyński,Patryk Tuszyński,79
M. El Hankouri,Mohamed El Hankouri,79
J. Lauridsen,Jesper Lauridsen,79
P. Šteinbors,Pāvels Šteinbors,79
P. Kammerbauer,Patrick Kammerbauer,79
A. Hjulsager,Andrew Hjulsager,79
A. Considine,Andrew Considine,79
M. Lewandowski,Mateusz Lewandowski,79
M. Gostomski,Maciej Gostomski,79
M. Grabowski,Marcin Grabowski,79
A. Christensen,Andreas Christensen,79
Y. Clementia,Yannis Clementia,79
M. Facchinetti,Mickaël Facchinetti,79
A. Ranocchia,Andrea Ranocchia,79
P. Bengtsson,Pierre Bengtsson,79
A. Robertson,Andrew Robertson,79
M. Jankowski,Maciej Jankowski,79
J. Stanislas,Junior Stanislas,79
J. Henderson,Jordan Henderson,79
Z. Kuzmanović,Mićo Kuzmanović,79
I. Fetfatzidis,Ioannis Fetfatzidis,79
A. Ajdarević,Astrit Ajdarević,79
P. Schiattarella,Pasquale Schiattarella,79
Rafael Barbosa,Rafael Cabral Barbosa,80
E. Marxen,Erik Marxen,80
Mario González,Mario Gomez,80
Rafa,Rafael,80
K. Akpoguma,Kevin Akpoguma,80
Marc Roca,Marco Rojas,80
K. Hämäläinen,Kasper Hämäläinen,80
K. Bartolec,Karlo Bartolec,80
M. Škriniar,Milan Škriniar,80
S. Hierländer,Stefan Hierländer,80
David Concha,David Cancola,80
J. Keatings,James Keatings,80
K. Darlow,Karl Darlow,80
S. Gartenmann,Stefan Gartenmann,80
N. Isimat-Mirin,Nicolas Isimat-Mirin,80
J. McArthur,James McArthur,80
N. Elvedi,Nico Elvedi,80
J. Maddison,James Maddison,80
J. Bursztyn,Jakub Bursztyn,80
N. Brock-Madsen,Nicolai Brock-Madsen,80
P. Zabaleta,Pablo Zabaleta,80
S. Juklerød,Simen Juklerød,80
S. Ingolitsch,Sandro Ingolitsch,80
R. Vormer,Ruud Vormer,80
J. Hendry,Jack Hendry,80
R. Walter,Rémi Walter,80
N. Bertrams,Nigel Bertrams,80
S. Horemans,Siebe Horemans,80
N. Bentaleb,Nabil Bentaleb,80
J. Lawrence,James Lawrence,80
R. ten Hove,Ramón ten Hove,80
Raphinha,Rafinha,80
S. Fofana,Seko Fofana,80
J. Knight,Josh Knight,80
P. Teixeira,Pedro Teixeira,80
Roger,Rober,80
Rubén Mesa,Rubén Peña,80
E. Bičakčić,Ermin Bičakčić,80
K. Dybowski,Karol Dybowski,80
P. Martinez,Pablo Martinez,80
Róber,Rober,80
S. Bender,Sven Bender,80
K. Demirbay,Kerem Demirbay,80
E. Acolatse,Elton Acolatse,80
K. Danielak,Karol Danielak,80
E. Bardhi,Enis Bardhi,80
E. Bansen,Eike Bansen,80
P. McGinn,Paul McGinn,80
N. Aguerd,Naif Aguerd,80
Davidson,David Wilson,80
J. Guilavogui,Josuha Guilavogui,80
N. Bakker,Nick Bakker,80
E. Akbaba,Emre Akbaba,80
J. Heaton,Josh Heaton,80
E. Lamela,Erik Lamela,80
E. Kılınç,Emre Kılınç,80
E. Krafth,Emil Krafth,80
J. Hart,Joe Hart,80
J. Ertlthaler,Julius Ertlthaler,80
K. Hansen,Kian Hansen,80
J. Larsen,Jens Larsen,80
E. Hazard,Eden Hazard,80
E. Grezda,Eros Grezda,80
Markel Areitio,Markel Areitio Cedrún,80
P. Sokołowski,Patryk Sokołowski,80
Michel Douglas,Michel Douglas Guedes,80
K. Bonifazi,Kevin Bonifazi,80
J. McCarthy,James McCarthy,80
K. Bucker,Koen Bucker,80
I. Akhmetov,Ilzat Akhmetov,80
F. Ballo-Touré,Fodé Ballo Touré,80
J. Svensson,Jonas Svensson,80
R. Halliche,Rafik Halliche,80
R. Hardie,Ryan Hardie,80
R. Inniss,Ryan Inniss,80
G. Taylor,Greg Taylor,80
J. Stones,John Stones,80
R. Bowman,Ryan Bowman,80
J. Łukowski,Jakub Łukowski,80
R. Boffin,Ruud Boffin,80
J. Řezníček,Jakub Řezníček,80
O. Colley,Omar Colley,80
J. Stanic,Jozo Stanic,80
I. Ordets,Ivan Ordets,80
J. Schouten,Jerdy Schouten,80
G. Kiltie,Greg Kiltie,80
G. Kamara,Glen Kamara,80
J. Roussillon,Jérôme Roussillon,80
O. Altman,Omri Altman,80
I. Wilson,Iain Wilson,80
O. John,Ola John,80
O. Kudryk,Oleh Kudryk,80
R. Dekker,Rick Dekker,80
J. Zimmer,Jean Zimmer,80
I. Belfodil,Ishak Belfodil,80
I. Boonen,Indy Boonen,80
J. Uronen,Jere Uronen,80
R. Ferguson,Rohan Ferguson,80
P. Ankersen,Peter Ankersen,80
H. Wright,Haji Wright,80
O. Stijepović,Ognjen Stijepović,80
H. Van Der Bruggen,Hannes Van der Bruggen,80
I. El Adoua,Issam El Adoua,80
P. Gladon,Paul Gladon,80
O. Ovacıklı,Orhan Ovacıklı,80
R. Fraser,Ryan Fraser,80
H. Harbaoui,Hamdi Harbaoui,80
H. Cochrane,Harry Cochrane,80
J. Wehrmann,Jordy Wehrmann,80
J. Wójcicki,Jakub Wójcicki,80
H. Ben Arfa,Hatem Ben Arfa,80
H. Ayaroğlu,Hasan Ayaroğlu,80
R. Fulton,Ryan Fulton,80
I. Fiolić,Ivan Fiolić,80
H. Lloris,Hugo Lloris,80
N. Lang,Noa Lang,80
O. Aina,Ola Aina,80
J. Puncheon,Jason Puncheon,80
F. Pisacane,Fabio Pisacane,80
J. Bataille,Jelle Bataille,80
N. Milenković,Nikola Milenković,80
R. Renner,Rene Renner,80
N. Maksimović,Novica Maksimović,80
F. Kadioglu,Ferdi Kadioglu,80
F. Jagiełło,Filip Jagiełło,80
F. Helander,Filip Helander,80
F. Heerkens,Freek Heerkens,80
P. Škuletić,Petar Škuletić,80
J. McGinn,John McGinn,80
J. Tverskov,Jeppe Tverskov,80
F. Dahmen,Finn Dahmen,80
F. Ceravolo,Fabio Ceravolo,80
F. Bradarić,Filip Bradarić,80
F. Benković,Filip Benković,80
F. Bednarek,Filip Bednarek,80
J. Blaswich,Janis Blaswich,80
N. Leemhuis,Niels Leemhuis,80
F. Piszczek,Filip Piszczek,80
F. Sporkslede,Fabian Sporkslede,80
J. Ankersen,Jakob Ankersen,80
R. Pietrzak,Rafal Pietrzak,80
O. Abildgaard,Oliver Abildgaard,80
G. Clichy,Gaël Clichy,80
Neymar Jr,Neymar,80
G. Cahill,Gary Cahill,80
R. Amalfitano,Romain Amalfitano,80
P. Hanlon,Paul Hanlon,80
N. Venema,Nick Venema,80
Pol García,Pol García Tena,80
N. Skubic,Nejc Skubic,80
I. Šunjić,Ivan Šunjić,80
Pere Milla,Pere Milla Peña,80
J. Murphy,Josh Murphy,80
N. Schulz,Nico Schulz,80
N. Okafor,Noah Okafor,80
R. Nicolaisen,Rasmus Nicolaisen,80
J. Andersen,Jonas Andersen,80
Pablo Santos,Marlon Santos,80
F. Wiedwald,Felix Wiedwald,80
F. Uduokhai,Felix Uduokhai,80
R. Petretta,Raoul Petretta,80
R. Mišlov,Roko Mišlov,80
G. Dicker,Gary Dicker,80
G. Tansey,Greg Tansey,80
M. Petržela,Milan Petržela,80
U. Çiftçi,Uğur Çiftçi,80
M. Muheim,Miro Muheim,80
V. Ibišević,Vedad Ibišević,80
V. Klonaridis,Viktor Klonaridis,80
Lucas Torró,Lucas Torreira,80
Adán,Adrián,80
Adrián Marín,Adrián Marín Gómez,80
Adrián Diéguez,Adrián Diéguez Grande,80
Vasco Fernandes,Lukas Fernandes,80
A. Čermák,Aleš Čermák,80
M. Mitrović,Matej Mitrović,80
M. Miazga,Matt Miazga,80
A. Younes,Amin Younes,80
W. Ben Yedder,Wissam Ben Yedder,80
W. Biedrzycki,Wiktor Biedrzycki,80
A. Witsel,Axel Witsel,80
W. Droste,Wout Droste,80
W. Hughes,Will Hughes,80
A. Tshibola,Aaron Tshibola,80
A. Timofeev,Artem Timofeev,80
W. Janssens,Wolke Janssens,80
M. Müldür,Mert Müldür,80
L. Ćirković,Lazar Ćirković,80
U. Ceylan,Ufuk Ceylan,80
M. Pavlović,Mateo Pavlović,80
T. Oude Kotte,Thomas Oude Kotte,80
L. Muriel,Luis Muriel,80
L. Perrin,Loïc Perrin,80
B. Prokopič,Boris Prokopič,80
B. Petković,Bruno Petković,80
B. Knežević,Bojan Knežević,80
L. Rigoni,Luca Rigoni,80
M. Putnocký,Matúš Putnocký,80
B. Enobakhare,Bright Enobakhare,80
B. Dost,Bas Dost,80
A. Shabanov,Artem Shabanov,80
B. Djimsiti,Berat Djimsiti,80
L. Suárez,Luis Suárez,80
L. Torreira,Lucas Torreira,80
T. Vollnhofer,Thomas Vollnhofer,80
M. Pouraliganji,Morteza Pouraliganji,80
M. Pietrowski,Marcin Pietrowski,80
T. Werner,Timo Werner,80
B. Anderson,Bruce Anderson,80
K. Mirallas,Kevin Mirallas,80
M. Petković,Marko Petković,80
Thiago Santana,Thiago Alcantara,80
L. Stindl,Lars Stindl,80
W. Norris,Will Norris,80
M. Amundsen,Malte Amundsen,80
W. Troost-Ekong,William Troost-Ekong,80
Y. Sommer,Yann Sommer,80
M. Fabián,Fabián,80
M. Frantz,Mike Frantz,80
A. Fejzullahu,Arbnor Fejzullahu,80
M. Lieder,Mart Lieder,80
A. El Ghazi,Anwar El Ghazi,80
M. Gabbiadini,Manolo Gabbiadini,80
Y. Valery,Yann Valery,80
M. Lešković,Marko Lešković,80
A. Disasi,Axel Disasi,80
A. Gordyushenko,Astemir Gordyushenko,80
A. Delort,Andy Delort,80
M. Larsen,Mads Larsen,80
A. Borysiuk,Ariel Borysiuk,80
A. Bodzek,Adam Bodzek,80
Z. Korcsmár,Zsolt Korcsmár,80
A. Bertolacci,Andrea Bertolacci,80
A. Benedyczak,Adrian Benedyczak,80
A. Benchaib,Amine Benchaib,80
A. Bayındır,Altay Bayındır,80
M. Kucharczyk,Michał Kucharczyk,80
M. Ingvartsen,Marcus Ingvartsen,80
A. Campbell,Allan Campbell,80
L. Modrić,Luka Modrić,80
A. Groeneveld,Arnaut Groeneveld,80
Y. Sanogo,Yaya Sanogo,80
Williams,Willian,80
X. Chavalerin,Xavier Chavalerin,80
A. Ngando,Axel Ngando,80
A. Ndom,Aly Ndom,80
M. Barrow,Musa Barrow,80
A. McGregor,Allan McGregor,80
A. Masina,Adam Masina,80
M. Bourabia,Mehdi Bourabia,80
M. Branderhorst,Mattijs Branderhorst,80
A. Ljajić,Adem Ljajić,80
A. Gürleyen,Ahmet Gürleyen,80
Y. Gourcuff,Yoann Gourcuff,80
M. De Sciglio,Mattia De Sciglio,80
A. Kanibolotskyi,Anton Kanibolotskiy,80
Y. Khacheridi,Yevhen Khacheridi,80
M. Djuricin,Marco Djuricin,80
A. Jansen,Anco Jansen,80
Y. Kurtuluş,Yekta Kurtuluş,80
Y. M'Vila,Yann M'Vila,80
A. Hruška,Aleš Hruška,80
A. Hoffmann,Andre Hoffmann,80
Y. Otubanjo,Yusuf Otubanjo,80
M. Lowe,Max Lowe,80
B. Verstraete,Birger Verstraete,80
J. Hušbauer,Josef Hušbauer,80
T. Mykhalyk,Taras Mykhalyk,80
D. Telgenkamp,Dennis Telgenkamp,80
D. Turnbull,David Turnbull,80
S. Mignolet,Simon Mignolet,80
D. Wright,Drey Wright,80
M. Verratti,Marco Verratti,80
D. Zappacosta,Davide Zappacosta,80
D. D'Ambrosio,Danilo D'Ambrosio,80
D. Craddock,David Craddock,80
D. Contento,Diego Contento,80
S. Robinson,Scott Robinson,80
D. Zurutuza,David Zurutuza,80
D. da Costa,David da Costa,80
D. Biseswar,Diego Biseswar,80
D. de Vries,Dorus de Vries,80
D. Ljubicic,Dejan Ljubicic,80
L. Andersen,Lucas Andersen,80
S. Serdar,Suat Serdar,80
S. Sinclair,Scott Sinclair,80
S. Tarashaj,Shani Tarashaj,80
S. Prevljak,Smail Prevljak,80
D. Foulon,Daam Foulon,80
J. Højbjerg,Jeppe Højbjerg,80
D. Sula,Din Sula,80
M. Yıldırım,Murat Yıldırım,80
D. Kownacki,Dawid Kownacki,80
K. Toko-Ekambi,Karl Toko Ekambi,80
K. Walker,Kyle Walker,80
D. Mahmudov,Denis Mahmudov,80
D. Malone,Dion Malone,80
D. McMillan,David McMillan,80
D. Khocholava,Davit Khotcholava,80
M. Wohlgemuth,Mikkel Wohlgemuth,80
S. Thioub,Sada Thioub,80
D. Mihajlovic,Dragan Mihajlovic,80
S. Nakajima,Shoya Nakajima,80
K. Zapolnik,Kamil Zapolnik,80
D. N'Doye,Dame N'Doye,80
D. Pakulski,Dawid Pakulski,80
M. Zapytowski,Marcel Zapytowski,80
D. Gallagher,Sam Gallagher,80
K. Sema,Ken Sema,80
K. Schmeichel,Kasper Schmeichel,80
D. Sołdecki,Dawid Sołdecki,80
K. Wrzesiński,Konrad Wrzesiński,80
S. Tibbling,Simon Tibbling,80
D. Benaglio,Diego Benaglio,80
Carlos Blanco,Carlos Bacca,80
L. Bender,Lars Bender,80
S. Lichtsteiner,Stephan Lichtsteiner,80
M. Stekelenburg,Maarten Stekelenburg,80
C. Cathcart,Craig Cathcart,80
C. Adjapong,Claud Adjapong,80
L. Hrádecký,Lukáš Hrádecký,80
Bruno Silva,Bernardo Silva,80
Dani Gómez,Maxi Gómez,80
L. Hutten,Lars Hutten,80
L. Guwara,Leon Guwara,80
T. Browning,Tyias Browning,80
L. Kramer,Lars Kramer,80
T. Deeney,Troy Deeney,80
L. Malicsek,Lukas Malicsek,80
L. Marković,Lazar Marković,80
T. Doornbusch,Trevor Doornbusch,80
M. Shaparenko,Mykola Shaparenko,80
L. Menalo,Luka Menalo,80
T. Kortegaard,Thomas Kortegaard,80
T. Monconduit,Thomas Monconduit,80
T. Casali,Tino Casali,80
L. Grozurek,Lukas Grozurek,80
L. Haraslín,Lukáš Haraslín,80
M. Svilar,Mile Svilar,80
L. De Silvestri,Lorenzo De Silvestri,80
C. Stefańczyk,Cezary Stefańczyk,80
C. Smalling,Chris Smalling,80
C. Philipps,Chris Philipps,80
L. Ferguson,Lewis Ferguson,80
C. Mitchell,Conor Mitchell,80
D. de Wit,Dani de Wit,80
S. Mandanda,Steve Mandanda,80
D. van Crooij,Delano van Crooij,80
S. Meusburger,Stefan Meusburger,80
K. Scherpen,Kjell Scherpen,80
K. Taylor,Kyle Taylor,80
L. Gordon,Liam Gordon,80
C. McHugh,Carl McHugh,80
C. Lustenberger,Claudio Lustenberger,80
J. MacDonald,Jamie MacDonald,81
J. Osobiński,Jakub Osobiński,81
M. Hinteregger,Martin Hinteregger,81
J. Jantscher,Jakob Jantscher,81
M. Zimmermann,Jan Zimmermann,81
P. Kadeřábek,Pavel Kadeřábek,81
J. Johansson,Jakob Johansson,81
M. Halstenberg,Marcel Halstenberg,81
J. Kirkpatrick,Jordan Kirkpatrick,81
P. Malarczyk,Piotr Malarczyk,81
M. Kosanović,Miloš Kosanović,81
M. El Allouchi,Mounir El Allouchi,81
M. Gaćinović,Mijat Gaćinović,81
K. Strootman,Kevin Strootman,81
M. Gibbs-White,Morgan Gibbs-White,81
K. De Bruyne,Kevin De Bruyne,81
J. Lascelles,Jamal Lascelles,81
M. Köstenbauer,Marcel Köstenbauer,81
M. Antenucci,Mirco Antenucci,81
P. Golubović,Petar Golubović,81
M. Meilinger,Marco Meilinger,81
K. Angielski,Karol Angielski,81
J. Van Damme,Jelle Van Damme,81
O. Threlkeld,Oscar Threlkeld,81
M. Mešanović,Muris Mešanović,81
N. Ben Khalifa,Nassim Ben Khalifa,81
J. Vestergaard,Jannik Vestergaard,81
M. Musacchio,Mateo Musacchio,81
O. Hiljemark,Oscar Hiljemark,81
L. Agbenyenu,Lumor Agbenyenu,81
L. Fernandes,Lukas Fernandes,81
M. Papadopulos,Michal Papadopulos,81
J. van der Heijden,Jan-Arie van der Heijden,81
L. Griffiths,Leigh Griffiths,81
J. Żubrowski,Jakub Żubrowski,81
O. Christensen,Oliver Christensen,81
Jordi Quintillà,Jordi Quintillà Guasch,81
L. Stevenson,Lewis Stevenson,81
N. Vujadinović,Nikola Vujadinović,81
Jesús Jiménez,Jesús Jiménez Núñez,81
M. Mølvadgaard,Marcus Mølvadgaard,81
J. Torunarigha,Jordan Torunarigha,81
J. Thomassen,Jordy Thomassen,81
M. Andreolli,Marco Andreolli,81
M. Christensen,Magnus Christensen,81
J. Radošević,Josip Radošević,81
M. Makuszewski,Maciej Makuszewski,81
J. Riedewald,Jaïro Riedewald,81
M. Wasielewski,Marcin Wasielewski,81
M. Blauensteiner,Michael Blauensteiner,81
J. Schendelaar,Jasper Schendelaar,81
J. Schuurman,Jesse Schuurman,81
P. Filipović,Petar Filipović,81
J. Skov Hansen,Jannik Skov Hansen,81
M. Batshuayi,Michy Batshuayi,81
K. Świderski,Karol Świderski,81
M. Balotelli,Mario Balotelli,81
M. Mandžukić,Mario Mandžukić,81
P. Chavarría,Pablo Chavarría,81
M. Arambarri,Mauro Arambarri,81
M. Scozzarella,Matteo Scozzarella,81
J. Tarkowski,James Tarkowski,81
K. Bellarabi,Karim Bellarabi,81
M. Vilhjálmsson,Árni Vilhjálmsson,81
J. Tavernier,James Tavernier,81
M. Dmitrović,Marko Dmitrović,81
K. Moesgaard,Klaus Moesgaard,81
Óliver Torres,Óliver Torres Muñoz,81
D. van Bruggen,Damian van Bruggen,81
S. Memišević,Samir Memišević,81
J. Huyghebaert,Jeremy Huyghebaert,81
D. Upamecano,Dayot Upamecano,81
S. Moutoussamy,Samuel Moutoussamy,81
D. Limberský,David Limberský,81
D. Grootenhuis,Delano Grootenhuis,81
S. McTominay,Scott McTominay,81
D. Glushakov,Denis Glushakov,81
D. De Belder,Dylan De Belder,81
D. Dankerlui,Damil Dankerlui,81
D. Christensen,Daniel Christensen,81
D. Cheryshev,Denis Cheryshev,81
D. Calvert-Lewin,Dominic Calvert-Lewin,81
Curro Sánchez,Carlos Sánchez,81
S. Piesinger,Simon Piesinger,81
S. Karadeniz,Semih Karadeniz,81
S. Henriksen,Søren Henriksen,81
S. Gustafson,Simon Gustafson,81
G. Guerrieri,Guido Guerrieri,81
G. Chakvetadze,Giorgi Chakvetadze,81
R. Lewandowski,Robert Lewandowski,81
Francisco Ramos,Francis Ross,81
F. Niederlechner,Florian Niederlechner,81
R. Procházka,Roman Procházka,81
R. Siemaszko,Rafal Siemaszko,81
F. Adu Kwame,Frank Adu Kwame,81
E. Zukanović,Ervin Zukanović,81
R. Yaremchuk,Roman Yaremchuk,81
E. Linthorst,Evert Linthorst,81
Rodrigo Galo,Rodrigo Palacio,81
S. Blondelle,Siebe Blondelle,81
S. Coulibaly,Senou Coulibaly,81
S. De Ridder,Steve De Ridder,81
C. Zimmermann,Jan Zimmermann,81
G. Middleton,Glenn Middleton,81
C. Pinsoglio,Carlo Pinsoglio,81
C. Hudson-Odoi,Callum Hudson-Odoi,81
A. Kochenkov,Anton Kochenkov,81
A. Karabulut,Aydin Karabulut,81
Y. Konoplyanka,Yevhen Konoplyanka,81
A. Gomez Mancini,Anthony Gomez Mancini,81
A. Finnbogason,Alfreð Finnbogason,81
A. Ferdinand,Anton Ferdinand,81
A. Kovačević,Adnan Kovačević,81
Y. Tielemans,Youri Tielemans,81
A. Cresswell,Aaron Cresswell,81
Y. van Nieff,Yoëll van Nieff,81
A. Ciciretti,Amato Ciciretti,81
A. Castro-Montes,Alessio Castro-Montes,81
A. Bongiovanni,Adrien Bongiovanni,81
A. Abdennour,Aymen Abdennour,81
Y. Yakovenko,Yuriy Yakovenko,81
Y. Aït Bennasser,Youssef Aït Bennasser,81
A. Miranchuk,Anton Miranchuk,81
A. Tighadouini,Adnane Tighadouini,81
C. Forrester,Chris Forrester,81
C. Coosemans,Colin Coosemans,81
T. Chevalier,Teddy Chevalier,81
T. Halilović,Tibor Halilović,81
B. Stillhart,Basil Stillhart,81
B. Rotenberg,Boris Rotenberg,81
T. Sainsbury,Trent Sainsbury,81
B. Gschweidl,Bernd Gschweidl,81
B. Cristante,Bryan Cristante,81
B. Avramovic,Bojan Avramovic,81
André Ramalho,André Ramalho Silva,81
André Ferreira,Ander Herrera,81
André Almeida,André Almeida Pinto,81
Vasco Paciência,Vasco Mendes Paciência,81
W. Hennessey,Wayne Hennessey,81
C. Osmanpaşa,Caner Osmanpaşa,81
Garry Rodrigues,Garry Mendes Rodrigues,81
M. Konczkowski,Martin Konczkowski,81
J. Drachmann,Janus Drachmann,81
H. ter Avest,Hidde ter Avest,81
Paolo Fernandes,Paolo Fernandes Cantin,81
J. Filipović,Jakov Filipović,81
Pablo Fornals,Pablo Fornals Malla,81
R. Acquafresca,Robert Acquafresca,81
P. Stolarski,Paweł Stolarski,81
Ivanildo Fernandes,Evanildo Fernandes Gomes,81
R. Falk Jensen,Rasmus Falk Jensen,81
I. Bel Hassani,Iliass Bel Hassani,81
R. Aït Nouri,Rayan Aït Nouri,81
P. Schobesberger,Philipp Schobesberger,81
Pedro Pereira,Pedro Teixeira,81
H. Choudhury,Hamza Choudhury,81
P. Parzyszek,Piotr Parzyszek,81
P. Zieliński,Piotr Zieliński,81
J. Caenepeel,Jinty Caenepeel,81
J. Bostock,John Bostock,82
T. Rogić,Tom Rogić,82
M. Ritchie,Matt Ritchie,82
T. Schützenauer,Tobias Schützenauer,82
U. Ikpeazu,Uche Ikpeazu,82
T. Sparv,Tim Sparv,82
T. Taiwo,Tom Taiwo,82
M. Ngadeu-Ngadjui,Michael Ngadeu-Ngadjui,82
T. Walcott,Theo Walcott,82
M. Plattenhardt,Marvin Plattenhardt,82
J. Bořil,Jan Bořil,82
U. Demirok,Uğur Demirok,82
L. de Jong,Luuk de Jong,82
T. van den Belt,Thomas van den Belt,82
R. Freuler,Remo Freuler,82
M. Schneiderlin,Morgan Schneiderlin,82
B. Verbong,Bram Verbong,82
L. Balogun,Leon Balogun,82
I. Łasicki,Igor Łasicki,82
S. Ulreich,Sven Ulreich,82
L. Bergsma,Léon Bergsma,82
S. Vokes,Sam Vokes,82
S. Woods,Sam Woods,82
R. Bennett,Ryan Bennett,82
M. Targett,Matt Targett,82
R. Barkley,Ross Barkley,82
C. Kpekawa,Cole Kpekawa,82
L. Grant,Lee Grant,82
Samu García,Manu García,82
M. Staniszewski,Marcin Staniszewski,82
Sérgio Marakis,Sérgio Romeu Marakis,82
J. Odgaard,Jens Odgaard,82
L. Luković,Luka Luković,82
T. Dierckx,Tuur Dierckx,82
T. Gebre Selassie,Theodor Gebre Selassie,82
J. Oblak,Jan Oblak,82
B. White,Ben White,82
U. Nissilä,Urho Nissilä,82
L. Mothiba,Lebo Mothiba,82
Unai García,Dani García,82
M. Aaquist,Mads Aaquist,82
A. Özbiliz,Aras Özbiliz,82
A. Jahović,Adis Jahović,82
A. Hloušek,Adam Hloušek,82
A. Gryszkiewicz,Adrian Gryszkiewicz,82
J. Giménez,José Giménez,82
J. Gomez,Joe Gomez,82
A. Ferrari,Alex Ferrari,82
M. Flekken,Mark Flekken,82
J. Kopic,Jan Kopic,82
A. Dzagoev,Alan Dzagoev,82
M. Doherty,Matt Doherty,82
J. Konings,Joey Konings,82
J. Jønsson,Jens Jønsson,82
A. Carroll,Andy Carroll,82
A. Bouka Moutou,Arnold Bouka Moutou,82
J. Holebas,José Holebas,82
A. Adouyev,Amir Adouyev,82
M. Hummels,Mats Hummels,82
A. Absalem,Amir Absalem,82
A. Abrashi,Amir Abrashi,82
M. Kruse,Max Kruse,82
P. Schuurs,Perr Schuurs,82
V. Belec,Vid Belec,82
A. Juel Andersen,Mads Juel Andersen,82
M. Diemers,Mark Diemers,82
M. Meyer,Max Meyer,82
L. Augustinsson,Ludwig Augustinsson,82
A. Turan,Ali Turan,82
J. Lewis,Joe Lewis,82
M. Ambrosiewicz,Maciej Ambrosiewicz,82
A. Saelemaekers,Alexis Saelemaekers,82
M. McNulty,Mark McNulty,82
A. Morkaya,Arif Morkaya,82
Y. Bodiger,Yann Bodiger,82
P. Kunde Malong,Pierre Kunde Malong,82
A. Marušić,Adam Marušić,82
A. Lithgow,Alan Lithgow,82
M. Butcher,Matt Butcher,82
Y. Karamoh,Yann Karamoh,82
A. Koiki,Ali Koiki,82
M. Clark,Max Clark,82
M. Maignan,Mike Maignan,82
J. Fischer,Jaap Fischer,82
J. Lambert,Jack Lambert,82
A. Kappenberger,Adrian Kappenberger,82
A. Maitland-Niles,Ainsley Maitland-Niles,82
I. Tomečak,Ivan Tomečak,82
C. Medjani,Carl Medjani,82
E. Dilaver,Emir Dilaver,82
E. Soriano,Elia Soriano,82
O. Wijndal,Owen Wijndal,82
R. de Boer,Rody de Boer,82
N. Baumann,Noam Baumann,82
E. Ocansey,Eric Ocansey,82
O. Yokuşlu,Okay Yokuşlu,82
E. Gnahoré,Eddy Gnahoré,82
Ricardo Esgaio,Ricardo Sousa Esgaio,82
R. Durmisi,Riza Durmisi,82
N. Bungert,Niko Bungert,82
I. Strinić,Ivan Strinić,82
S. Adekoya,Seyi Adekoya,82
E. Alfonso,Alfonso,82
E. Abedini,Eris Abedini,82
I. Denisov,Igor Denisov,82
I. Ezekiel,Imoh Ezekiel,82
Diego Galo,Diego Carlos,82
R. Del Castillo,Romain Del Castillo,82
Marco Rocha,Marco Rojas,82
I. Kutepov,Ilya Kutepov,82
E. Bijlsma,Emil Bijlsma,82
M. Çağıran,Musa Çağıran,82
R. Vlaar,Ron Vlaar,82
R. Edwards,Ryan Edwards,82
R. Gartler,René Gartler,82
R. Gelmi,Roy Gelmi,82
R. Janssen,Roel Janssen,82
G. Stewart,Greg Stewart,82
G. Rolando,Rolando,82
G. Merebashvili,Giorgi Merebashvili,82
R. Khedira,Rani Khedira,82
H. Mukhtar,Hany Mukhtar,82
H. Van Crombrugge,Hendrik Van Crombrugge,82
N. De Pauw,Nill De Pauw,82
Jefferson,Jemerson,82
H. Vanaken,Hans Vanaken,82
J. Veltman,Joël Veltman,82
R. Mulumba,Rémi Mulumba,82
N. Röseler,Nils Röseler,82
F. Lustenberger,Fabian Lustenberger,82
N. Marsman,Nick Marsman,82
R. Stewart,Ross Stewart,82
F. Andrijašević,Franko Andrijašević,82
N. Kuipers,Nick Kuipers,82
R. Laidlaw,Ross Laidlaw,82
K. Luijckx,Kees Luijckx,82
P. McGowan,Paul McGowan,82
J. Souttar,John Souttar,82
I. Lewczuk,Igor Lewczuk,82
D. Pröpper,Davy Pröpper,82
P. Dummett,Paul Dummett,82
D. Heymans,Daan Heymans,82
I. Lapshov,Ivan Lapshov,82
D. Kerschbaumer,Daniel Kerschbaumer,82
I. Perišić,Ivan Perišić,82
R. Cabella,Rémy Cabella,82
S. Papagiannopoulos,Sotirios Papagiannopoulos,82
M. van der Hart,Mickey van der Hart,82
S. Klaiber,Sean Klaiber,82
D. Schmidt,Doke Schmidt,82
S. Kelly,Sam Kelly,82
S. Khedira,Sami Khedira,82
I. Rakitić,Ivan Rakitić,82
D. Koppers,Dico Koppers,82
I. Santini,Ivan Santini,82
K. McClean,Kyle McClean,82
M. Yoshida,Maya Yoshida,82
I. Pomazun,Ilya Pomazun,82
D. Jastrzembski,Dennis Jastrzembski,82
I. Plastun,Igor Plastun,82
J. Simpson,Jack Simpson,82
D. Moberg Karlsson,David Moberg-Karlsson,82
R. McKenzie,Rory McKenzie,83
R. McCrorie,Ross McCrorie,83
R. Nainggolan,Radja Nainggolan,83
Y. Nagatomo,Yuto Nagatomo,83
R. Porteous,Ryan Porteous,83
R. Frantsen,Rune Frantsen,83
N. Petersen,Nils Petersen,83
O. Marciano,Ofir Marciano,83
P. Jagielka,Phil Jagielka,83
M. Terrazzino,Marco Terrazzino,83
Y. Toyokawa,Yuta Toyokawa,83
S. van Beek,Sven van Beek,83
P. Stojanović,Petar Stojanović,83
M. Tumminello,Marco Tumminello,83
R. Kerschbaum,Roman Kerschbaum,83
Z. Erkilinc,Zeki Erkilinc,83
Z. Flemming,Zian Flemming,83
R. Karsdorp,Rick Karsdorp,83
R. Jarstein,Rune Jarstein,83
O. Okwonkwo,Orji Okwonkwo,83
Z. Vanheusden,Zinho Vanheusden,83
S. Schrijvers,Siebe Schrijvers,83
R. Fährmann,Ralf Fährmann,83
N. Ziswiler,Nino Ziswiler,83
R. Koolwijk,Ryan Koolwijk,83
S. Paintsil,Seth Paintsil,83
S. van Hooijdonk,Sydney van Hooijdonk,83
V. Milinković-Savić,Vanja Milinković Savić,83
M. van Kins,Mats van Kins,83
S. Ben Amar,Sami Ben Amar,83
T. Righetti,Timo Righetti,83
Pedro Rocha,Pedro Rebocho,83
M. Schimpelsberger,Michael Schimpelsberger,83
M. Pedersen,Marc Pedersen,83
M. Mouandilmadji,Marius Mouandilmadji,83
M. Savković,Mile Savković,83
P. van Ooijen,Peter van Ooijen,83
P. Bardsley,Phil Bardsley,83
S. Handanovič,Samir Handanovič,83
S. Heltne Nilsen,Sivert Heltne Nilsen,83
T. Stepanenko,Taras Stepanenko,83
R. Christie,Ryan Christie,83
M. van der Werff,Maikel van der Werff,83
T. Yalçıner,Taha Yalçıner,83
N. Lavanchy,Numa Lavanchy,83
T. Domgjoni,Toni Domgjoni,83
P. Verhaegh,Paul Verhaegh,83
M. Stendera,Marc Stendera,83
S. van de Streek,Sander van de Streek,83
N. Gribenco,Nimo Gribenco,83
R. Strieder,Rico Strieder,83
T. Savanier,Téji Savanier,83
Y. Gouffran,Yoan Gouffran,83
N. Datković,Niko Datković,83
M. Milligan,Mark Milligan,83
Y. Bissouma,Yves Bissouma,83
P. Tschernegg,Peter Tschernegg,83
Y. Abdelhamid,Yunis Abdelhamid,83
S. von Bergen,Steve von Bergen,83
W. Weghorst,Wout Weghorst,83
R. Bertrand,Ryan Bertrand,83
R. van Persie,Robin van Persie,83
R. van der Vaart,Rafael van der Vaart,83
Pedro Trigueira,Pedro Teixeira,83
M. Valdifiori,Mirko Valdifiori,83
A. Abdellaoui,Ayoub Abdellaoui,83
F. Luckeneder,Felix Luckeneder,83
J. Piotrowski,Jakub Piotrowski,83
J. Pavlenka,Jiří Pavlenka,83
J. Mulraney,Jake Mulraney,83
J. Meekings,Josh Meekings,83
J. McMillan,Jack McMillan,83
J. Kulhánek,Jiří Kulhánek,83
Borja Garcés,Borja García,83
J. Kristoffersen,Julian Kristoffersen,83
J. Hendrick,Jeff Hendrick,83
J. Hamilton,Jack Hamilton,83
J. Guidetti,John Guidetti,83
J. Goossens,John Goossens,83
J. Czerwiński,Jakub Czerwiński,83
J. Cuadrado,Juan Cuadrado,83
J. Hornkamp,Jizz Hornkamp,83
J. Bourdouxhe,Jason Bourdouxhe,83
J. Stephens,Jack Stephens,83
J. Tjørnelund,Jacob Tjørnelund,83
K. Magennis,Kyle Magennis,83
K. Lafferty,Kyle Lafferty,83
A. McCarthy,Alex McCarthy,83
A. Phillips,Adam Phillips,83
A. Rrahmani,Amir Rrahmani,83
A. Turgeman,Alon Turgeman,83
J. Stojanović,Jovan Stojanović,83
K. Casteels,Koen Casteels,83
A. Yarmolenko,Artem Yarmolenko,83
B. Aouacheria,Bilel Aouacheria,83
B. Dja Djédjé,Brice Dja Djédjé,83
B. Nuytinck,Bram Nuytinck,83
J. van der Werff,Jasper van der Werff,83
E. Forsberg,Emil Forsberg,83
K. Adams Nuhu,Kasim Adams Nuhu,83
J. Bartkowski,Jakub Bartkowski,83
J. Ananidze,Jano Ananidze,83
J. Absalonsen,Johan Absalonsen,83
G. Cvijanović,Goran Cvijanović,83
Fabio,Fabinho,83
F. Stokkers,Finn Stokkers,83
F. Starzyński,Filip Starzyński,83
F. Mladenović,Filip Mladenović,83
F. Krovinović,Filip Krovinović,83
G. Hupperts,Guus Hupperts,83
E. Zhegrova,Edon Zhegrova,83
E. Nazaryna,Egor Nazaryna,83
E. Loiodice,Enzo Loiodice,83
E. Lieftink,Elmo Lieftink,83
E. Ataseven,Eray Ataseven,83
E. Birniçan,Eray Birniçan,83
E. Derdiyok,Eren Derdiyok,83
E. Smith Rowe,Emile Smith Rowe,83
D. Stephens,Dale Stephens,83
D. Sinkgraven,Daley Sinkgraven,83
D. Klaassen,Davy Klaassen,83
Bruno Saltor,Bruno Saltor Grau,83
C. Højer Nielsen,Casper Højer Nielsen,83
C. Immobile,Ciro Immobile,83
C. Nhamoinesu,Costa Nhamoinesu,83
Idrisa Sambú,Idrisa Sidi Sambú,83
I. Oblyakov,Ivan Oblyakov,83
I. Hajrović,Izet Hajrović,83
I. Akinfeev,Igor Akinfeev,83
D. Bulthuis,Dave Bulthuis,83
H. Çalhanoğlu,Hakan Çalhanoğlu,83
H. Hateboer,Hans Hateboer,83
H. Ben Moussa,Hilal Ben Moussa,83
D. Campbell,Dean Campbell,83
D. Drinkwater,Danny Drinkwater,83
D. Falcinelli,Diego Falcinelli,83
K. Niemczycki,Karol Niemczycki,83
K. Wojtkowski,Kamil Wojtkowski,83
J. Wilshere,Jack Wilshere,83
A. Kokoszka,Adam Kokoszka,83
A. Banasiak,Adam Banasiak,83
A. Jakubech,Adam Jakubech,83
A. Dźwigała,Adam Dźwigała,83
A. Hutchinson,Atiba Hutchinson,83
A. Jakobsen,Adam Jakobsen,83
L. Woudenberg,Lucas Woudenberg,83
L. Zarandia,Luka Zarandia,83
L. Verstraete,Louis Verstraete,83
M. Arnautović,Marko Arnautović,83
L. Grimshaw,Liam Grimshaw,83
L. Refaelov,Lior Refaelov,83
L. Plogmann,Luca Plogmann,83
M. Gavranović,Mario Gavranović,83
Luiz Gustavo,Luiz Gustavo Dias,83
L. Valzania,Luca Valzania,83
A. Leya Iseka,Aaron Leya Iseka,83
A. Borgmann,Axel Borgmann,83
A. Gersbach,Alex Gersbach,83
L. Donnelly,Liam Donnelly,83
L. Cigarini,Luca Cigarini,83
L. Goretzka,Leon Goretzka,83
J. Greguš,Ján Greguš,84
F. Dhia Putros,Frans Dhia Putros,84
M. Kilman,Max Kilman,84
B. Davies,Ben Davies,84
B. Foster,Ben Foster,84
Eduardo da Silva,Eduardo Alves da Silva,84
L. Dubois,Léo Dubois,84
A. Biyogo Poko,André Biyogo Poko,84
Z. Randriambololona,Zotsara Randriambololona,84
P. Leciejewski,Piotr Leciejewski,84
J. Kronig,Jan Kronig,84
T. Heaton,Tom Heaton,84
J. Ward-Prowse,James Ward-Prowse,84
L. Hodson,Lee Hodson,84
J. Sýkora,Jan Sýkora,84
D. Wotherspoon,David Wotherspoon,84
J. Svenningsen,Jeppe Svenningsen,84
D. van de Beek,Donny van de Beek,84
G. Burgstaller,Guido Burgstaller,84
P. Bochniewicz,Paweł Bochniewicz,84
J. van Overeem,Joris van Overeem,84
T. Jedvaj,Tin Jedvaj,84
L. Klostermann,Lukas Klostermann,84
M. Sonnleitner,Mario Sonnleitner,84
M. Skenderović,Meris Skenderović,84
T. Matavž,Tim Matavž,84
L. Miller,Lee Miller,84
B. Wilmot,Ben Wilmot,84
U. Moses Ekpai,Ubong Moses Ekpai,84
R. Pierre-Gabriel,Ronaël Pierre-Gabriel,84
B. Gibson,Ben Gibson,84
L. Spendlhofer,Lukas Spendlhofer,84
T. Davies,Tom Davies,84
J. Christensen,Jacob Christensen,84
K. Pierie,Kik Pierie,84
D. Batubinsika,Dylan Batubinsika,84
M. Ospitalieri,Marco Ospitalieri,84
A. Jędrzejczyk,Artur Jędrzejczyk,84
R. Augustyniak,Rafał Augustyniak,84
M. Veloso,Max Veloso,84
Cristian Ceballos,Cristian Tello,84
S. Frederiksen,Søren Frederiksen,84
L. Barreiro Martins,Leandro Barreiro Martins,84
T. Aldred,Tom Aldred,84
A. Chahechouhe,Aatif Chahechouhe,84
M. Piccinocchi,Mario Piccinocchi,84
W. Morgan,Wes Morgan,84
L. Immers,Lex Immers,84
Ander Guevara,Ander Guevara Lajo,84
R. Wolsztyński,Rafał Wolsztyński,84
N. Bitton,Nir Bitton,84
V. van den Bogert,Victor van den Bogert,84
J. Bamert,Jan Bamert,84
A. Wan-Bissaka,Aaron Wan-Bissaka,84
J. Baumgartlinger,Julian Baumgartlinger,84
Marquitos,Marquinhos,84
A. El Messaoudi,Ahmed El Messaoudi,85
D. Lukebakio,Dodi Lukebakio,85
L. Siligardi,Luca Siligardi,85
J. Andersson,Joel Andersson,85
D. Mikanović,Dino Mikanović,85
I. Obradović,Ivan Obradović,85
A. Halilović,Alen Halilović,85
R. Boudebouz,Ryad Boudebouz,85
I. Kiese Thelin,Isaac Kiese Thelin,85
J. Teunckens,Jens Teunckens,85
S. Sprangler,Sven Sprangler,85
Leo Baptistao,Léo Baptistão,85
J. Rodríguez,Jony Rodríguez,85
M. Seuntjens,Mats Seuntjens,85
G. MacKenzie,Gary MacKenzie,85
C. Jenkinson,Carl Jenkinson,85
S. van Dijck,Stan van Dijck,85
M. Schönbächler,Marco Schönbächler,85
A. Eckersley,Adam Eckersley,85
J. Allansson,Joel Allansson,85
R. Loftus-Cheek,Ruben Loftus-Cheek,85
Sergio Álvarez,Sergio Álvarez Díaz,85
J. Hardeveld,Jeff Hardeveld,85
L. Napoleone,Luca Napoleone,85
M. Mikkelsen,Mads Mikkelsen,85
J. Izquierdo,Jose Izquierdo,85
L. Parunashvili,Lasha Parunashvili,85
P. van der Vlag,Peter van der Vlag,85
G. Shibasaki,Gaku Shibasaki,85
D. von Ballmoos,David von Ballmoos,85
A. Abedzadeh,Amir Abedzadeh,85
V. Arveladze,Vato Arveladze,85
V. Odjidja-Ofoe,Vadis Odjidja-Ofoe,85
J. Toornstra,Jens Toornstra,85
L. Christodoulopoulos,Lazaros Christodoulopoulos,85
K. Broadfoot,Kirk Broadfoot,85
E. Riis Jakobsen,Emil Ris Jakobsen,85
K. Fickentscher,Kevin Fickentscher,85
R. van der Meer,Robin van der Meer,85
M. Gillespie,Mark Gillespie,85
S. Kolašinac,Sead Kolašinac,85
S. Kalajdzic,Sasa Kalajdzic,85
S. Jovanović,Saša Jovanović,85
U. Yuvakuran,Utku Yuvakuran,85
A. Monsecour,Arno Monsecour,85
K. Huntelaar,Koen Huntelaar,85
S. Gronsveld,Stef Gronsveld,85
Y. Cardinale,Yoan Cardinale,85
Diego Barcelos,Diego Carlos,85
Y. Kobayashi,Yuki Kobayashi,85
Y. De Winter,Yves De Winter,85
E. Kawashima,Eiji Kawashima,85
M. van Buren,Mick van Buren,85
M. te Wierik,Mike te Wierik,85
M. Havekotte,Mike Havekotte,85
E. Bergström,Emil Bergström,85
A. Marciniak,Adam Marciniak,85
David Costas,David da Costa,85
U. Radaković,Uroš Radaković,85
R. Callachan,Ross Callachan,85
T. Hernández,Theo Hernández,85
S. Longstaff,Sean Longstaff,85
J. Šimunović,Jozo Šimunović,85
O. Danchenko,Oleg Danchenko,85
I. Lakićević,Ivan Lakićević,85
T. Pellenard,Théo Pellenard,85
B. Ramselaar,Bart Ramselaar,85
B. Nieuwkoop,Bart Nieuwkoop,85
T. Jantschke,Tony Jantschke,85
O. Kakabadze,Otar Kakabadze,85
B. van Polen,Bram van Polen,85
N. Viergever,Nick Viergever,85
T. Letschert,Timo Letschert,85
M. D'Alessandro,Marco D'Alessandro,85
F. Quagliarella,Fabio Quagliarella,85
O. Noorafkan,Omid Noorafkan,85
M. Dal Hende,Marc Dal Hende,85
B. Badibanga,Beni Badibanga,85
R. Seuntjens,Ralf Seuntjens,85
J. Vanlerberghe,Jordi Vanlerberghe,85
T. Zwarthoed,Theo Zwarthoed,85
M. Kuzmanović,Mićo Kuzmanović,86
E. Ambrose,Efe Ambrose,86
M. Ilaimaharitra,Marco Ilaimaharitra,86
D. Ćaleta-Car,Duje Ćaleta-Car,86
M. Albrighton,Marc Albrighton,86
R. Cunningham,Ross Cunningham,86
Emerson,Ederson,86
Fabiano,Fabinho,86
M. Haile-Selassie,Maren Haile-Selassie,86
R. Harrington,Ryan Harrington,86
S. Larsson,Sam Larsson,86
R. Vodišek,Rok Vodišek,86
R. Holding,Rob Holding,86
R. Zhemaletdinov,Rifat Zhemaletdinov,86
S. Lammers,Sam Lammers,86
D. Van den Buijs,Dario Van den Buijs,86
D. Gosling,Dan Gosling,86
R. Fredericks,Ryan Fredericks,86
E. Majetschak,Erik Majetschak,86
A. Czerwiński,Alan Czerwiński,86
R. Nissen Kristensen,Rasmus Nissen Kristensen,86
F. Bartels,Fin Bartels,86
Hernâni,Hernani,86
David Braz,David Breda,86
S. Milinković-Savić,Sergej Milinković-Savić,86
G. Bigirimana,Gaël Bigirimana,86
E. Falkenburg,Erik Falkenburg,86
R. Bensebaini,Ramy Bensebaini,86
T. Hateley,Tom Hateley,86
J. Worrall,Joe Worrall,86
Marcano,Mariano,86
A. Mendes Moreira,Ahmad Mendes Moreira,86
B. van Hintum,Bart van Hintum,86
B. de Jong,Boy de Jong,86
B. Vandenbussche,Brian Vandenbussche,86
William,Willian,86
T. Siekman,Tim Siekman,86
B. Djiby Fall,Baye Djiby Fall,86
A. Ryczkowski,Adam Ryczkowski,86
A. Saint-Maximin,Allan Saint-Maximin,86
I. McShane,Ian McShane,86
T. Zhamaletdinov,Timur Zhamaletdinov,86
José Rodríguez,Jony Rodríguez,86
André Pereira,Andreas Pereira,86
U. Emanuelson,Urby Emanuelson,86
N. Gießelmann,Niko Gießelmann,86
K. Havertz,Kai Havertz,86
V. van Crooij,Vito van Crooij,86
K. Friesenbichler,Kevin Friesenbichler,86
A. Çamdalı,Ali Çamdalı,86
A. Wolniewicz,Adam Wolniewicz,86
L. Ceppitelli,Luca Ceppitelli,86
T. Wellenreuther,Timon Wellenreuther,86
P. Bernardoni,Paul Bernardoni,86
T. Freriks,Tim Freriks,86
K. Monnet-Paquet,Kévin Monnet-Paquet,86
Serginho,Sergio,86
Bruno Lamas,Bruno Gama,86
L. Wallace,Lee Wallace,86
T. Borevković,Toni Borevković,86
L. Mazzitelli,Luca Mazzitelli,86
Cristian Rodríguez,Cristian Rodríguez Pérez,86
P. van Amersfoort,Pelle van Amersfoort,86
R. Beerens,Roy Beerens,86
M. van Duinen,Mike van Duinen,86
J. Bennett,Joe Bennett,86
L. Unnerstall,Lars Unnerstall,86
L. Pellegrini,Luca Pellegrini,86
D. Arslanagic,Dino Arslanagic,86
A. Matuszczyk,Adam Matuszczyk,86
J. Kovařík,Jan Kovařík,86
L. Mousset,Lys Mousset,86
J. Morávek,Jan Morávek,86
A. Jóhannsson,Aron Jóhannsson,86
J. Błaszczykowski,Jakub Błaszczykowski,86
K. Schlotterbeck,Keven Schlotterbeck,86
K. Vandendriessche,Kévin Vandendriessche,87
K. Sierhuis,Kaj Sierhuis,87
David García,Dani García,87
S. Ben Youssef,Syam Ben Youssef,87
E. Frederiksen,Emil Frederiksen,87
S. Cosgrove,Sam Cosgrove,87
K. Kallaste,Ken Kallaste,87
K. Heerings,Kai Heerings,87
A. Messaoud,Ali Messaoud,87
M. Hauptmeijer,Mike Hauptmeijer,87
Dani Suárez,Denis Suárez,87
R. van Wolfswinkel,Ricky van Wolfswinkel,87
B. Chilwell,Ben Chilwell,87
A. Taylor-Sinclair,Aaron Taylor-Sinclair,87
I. Groothuizen,Indy Groothuizen,87
Héctor Bellerín,Hector Bellerin,87
A. Cissokho,Aly Cissokho,87
A. Chrzanowski,Adam Chrzanowski,87
T. Breukers,Tim Breukers,87
J. Bednarek,Jan Bednarek,87
J. Hoekstra,Jan Hoekstra,87
E. Oelschlägel,Eric Oelschlägel,87
L. Milivojević,Luka Milivojević,87
M. Anderson,Max Anderson,87
J. Flanagan,Jon Flanagan,87
O. El Kaddouri,Omar El Kaddouri,87
A. Verschueren,Arno Verschueren,87
E. Sviatchenko,Erik Sviatchenko,87
O. Kiteishvili,Otar Kiteishvili,87
N. Schouterden,Nils Schouterden,87
N. Dussenne,Noë Dussenne,87
B. Rienstra,Ben Rienstra,87
Javi Hernández,Javier Hernandez,87
T. Koopmeiners,Teun Koopmeiners,87
T. van Weert,Tom van Weert,88
B. Straetman,Bob Straetman,88
T. Alexander-Arnold,Trent Alexander-Arnold,88
T. Alderweireld,Toby Alderweireld,88
Y. Dieudonne,Yao Dieudonne,88
Ronaldo Vieira,Ronaldo Vieira Nan,88
T. Cleverley,Tom Cleverley,88
S. Gallagher,Sam Gallagher,88
M. Juel Andersen,Mads Juel Andersen,88
I. Chatzitheodoridis,Ilias Chatzitheodoridis,88
G. Mackay-Steven,Gary Mackay-Steven,88
O. Elabdellaoui,Omar Elabdellaoui,88
Guilherme Oliveira,Guilherme Mata Oliveira,88
L. Vigen Christensen,Lasse Vigen Christensen,88
Ricardo Rodrigues,Ricardo Rodríguez,88
J. Clarke-Salter,Jake Clarke-Salter,88
M. Carcela-González,Mehdi Carcela-González,88
K. Walker-Peters,Kyle Walker-Peters,88
E. Palmer-Brown,Erik Palmer-Brown,88
L. Castaignos,Luc Castaignos,89
Jony,Jonny,89
A. Hadžiahmetović,Amir Hadžiahmetović,89
K. Théophile-Catherine,Kévin Théophile-Catherine,89
A. Gholizadeh,Ali Gholizadeh,89
M. van der Maarel,Mark van der Maarel,89
J. Vertonghen,Jan Vertonghen,89
J. Zimmermann,Jan Zimmermann,89
Júnior Tavares,Júlio Tavares,89
M. Døhr Thychosen,Mads Døhr Thychosen,89
M. Frøkjær-Jensen,Mads Frøkjær-Jensen,89
W. Foderingham,Wes Foderingham,90
José Fonte,Jose Fonte,90
T. Kleindienst,Tim Kleindienst,90
T. Beugelsdijk,Tom Beugelsdijk,90
E. Choupo-Moting,Choupo-Moting,90
Ibai Gómez,Ibai Gomez,90
T. van de Berg,Tim van de Berg,90
J. Shaughnessy,Joe Shaughnessy,90
Javi López,Javier López,91
Ayoze Pérez,Ayoze Perez,91
E. Maulana Vikri,Egy Maulana Vikri,91
B. Breukers,Bo Breukers,91
V. Hammershøj-Mistrati,Vito Hammershøj-Mistrati,91
A. Oxlade-Chamberlain,Alex Oxlade-Chamberlain,91
Lucas Pérez,Lucas Perez,91
Raul García,Raúl García,91
Wendel,Wendell,92
Javi Martínez,Javi Martinez,92
Marcel,Marcelo,92
J. Zwischenbrugger,Jan Zwischenbrugger,92
Robert,Roberto,92
Cesc Fàbregas,Cesc Fabregas,92
Fábio Cardoso,Fabio Cardoso,92
Patrick,Patric,92
Alex Berenguer,Álex Berenguer,93
Victor Sánchez,Víctor Sánchez,93
Lucas Fernandes,Lukas Fernandes,93
Bernard,Bernardo,93
Nacho Fernández,Nacho Fernandez,93
André Luis Neitzke,Andre Luis Neitzke,94
David Alba,David Alaba,95
Tiago Silva,Thiago Silva,96
Sergio Gómez,Sergi Gómez,96
Neto,Neto,100
Tomás Pina,Tomás Pina,100
José Ángel,José Ángel,100
Jozabed,Jozabed,100
Andrei Girotto,Andrei Girotto,100
João Cancelo,João Cancelo,100
Nelson Ferreira,Nelson Ferreira,100
Andreas Pereira,Andreas Pereira,100
João Moutinho,João Moutinho,100
Naldo,Naldo,100
João Mário,João Mário,100
Thiago Silva,Thiago Silva,100
Thiago Mendes,Thiago Mendes,100
André Silva,André Silva,100
Jonny,Jonny,100
Jonatan Lucca,Jonatan Lucca,100
Joaquín,Joaquín,100
Joan Jordán,Joan Jordán,100
Jordi Alba,Jordi Alba,100
Ander Herrera,Ander Herrera,100
Jorge,Jorge,100
Nacho Monreal,Nacho Monreal,100
Jesús Navas,Jesús Navas,100
Jesé,Jesé,100
Jorginho,Jorginho,100
Jemerson,Jemerson,100
José Callejón,José Callejón,100
Aritz Elustondo,Aritz Elustondo,100
Andrés Fernández,Andrés Fernández,100
Thiago Maia,Thiago Maia,100
Jorge Molina,Jorge Molina,100
João Pedro,João Pedro,100
Vitolo,Vitolo,100
Joãozinho,Joãozinho,100
Xeka,Xeka,100
Ximo Navarro,Ximo Navarro,100
Marco Asensio,Marco Asensio,100
Marcelo,Marcelo,100
Manu Trigueros,Manu Trigueros,100
Manu García,Manu García,100
Malcom,Malcom,100
Kangin Lee,Kangin Lee,100
Keko,Keko,100
Kike,Kike,100
Kiko Casilla,Kiko Casilla,100
Koke,Koke,100
Ángel,Ángel,100
Lisandro Semedo,Lisandro Semedo,100
Lucas Leiva,Lucas Leiva,100
Lucas Lima,Lucas Lima,100
Lucas Possignolo,Lucas Possignolo,100
Lucas Vázquez,Lucas Vázquez,100
Luis Alberto,Luis Alberto,100
Luiz Araújo,Luiz Araújo,100
Luiz Felipe,Luiz Felipe,100
Lyanco,Lyanco,100
Álvaro,Álvaro,100
Willian José,Willian José,100
Unai Núñez,Unai Núñez,100
Willian,Willian,100
Marcos Llorente,Marcos Llorente,100
Allan,Allan,100
Alex Sandro,Alex Sandro,100
Aleix Vidal,Aleix Vidal,100
Alberto Moreno,Alberto Moreno,100
Juan Jesus,Juan Jesus,100
Adrián,Adrián,100
Juan Mata,Juan Mata,100
Juanfran,Juanfran,100
Aarón Martín,Aarón Martín,100
Juanmi,Juanmi,100
Vitor Hugo,Vitor Hugo,100
Víctor Ruiz,Víctor Ruiz,100
Júlio Tavares,Júlio Tavares,100
Munir,Munir,100
Miranda,Miranda,100
Mikel San José,Mikel San José,100
Miguel Rodrigues,Miguel Rodrigues,100
Marquinhos,Marquinhos,100
Markel Bergara,Markel Bergara,100
Mario Gaspar,Mario Gaspar,100
Mariano,Mariano,100
Wallace,Wallace,100
Wendell,Wendell,100
Marcos Alonso,Marcos Alonso,100
Nolito,Nolito,100
Rolando,Rolando,100
Nélson Semedo,Nélson Semedo,100
Dante,Dante,100
Raffael,Raffael,100
Danilo,Danilo,100
Rafael Tolói,Rafael Tolói,100
Daniel Carriço,Daniel Carriço,100
Daniel Candeias,Daniel Candeias,100
Rafael,Rafael,100
Dani Olmo,Dani Olmo,100
Dani García,Dani García,100
Ederson,Ederson,100
Dani Ceballos,Dani Ceballos,100
Fabinho,Fabinho,100
Dani Alves,Dani Alves,100
Fabián,Fabián,100
Filipe Luís,Filipe Luís,100
Frédéric Mendy,Frédéric Mendy,100
Gabriel Boschilia,Gabriel Boschilia,100
Gabriel Jesus,Gabriel Jesus,100
Gabriel Paulista,Gabriel Paulista,100
Gabriel Silva,Gabriel Silva,100
Ganso,Ganso,100
Gelson Fernandes,Gelson Fernandes,100
Gerard Moreno,Gerard Moreno,100
Gonçalo Guedes,Gonçalo Guedes,100
Guilherme,Guilherme,100
Rafinha,Rafinha,100
Raúl Albiol,Raúl Albiol,100
David Juncà,David Juncà,100
David Luiz,David Luiz,100
Rodrigo,Rodrigo,100
Rony Lopes,Rony Lopes,100
Roque Mesa,Roque Mesa,100
Rubén Blanco,Rubén Blanco,100
Rubén Duarte,Rubén Duarte,100
Rubén Peña,Rubén Peña,100
Rubén Sobrino,Rubén Sobrino,100
Rodri,Rodri,100
Rômulo,Rômulo,100
Rúben Vezo,Rúben Vezo,100
Roberto Firmino,Roberto Firmino,100
Roberto,Roberto,100
Hugo Mallo,Hugo Mallo,100
Douglas Costa,Douglas Costa,100
Renato Sanches,Renato Sanches,100
Diego Rico,Diego Rico,100
Diego Llorente,Diego Llorente,100
Diego Carlos,Diego Carlos,100
Renan Ribeiro,Renan Ribeiro,100
Denis Suárez,Denis Suárez,100
Recio,Recio,100
Raúl Navas,Raúl Navas,100
David Soria,David Soria,100
Raúl García,Raúl García,100
David Silva,David Silva,100
David López,David López,100
Domingos Quina,Domingos Quina,100
Nuno da Costa,Nuno da Costa,100
Iago Aspas,Iago Aspas,100
Cristian Tello,Cristian Tello,100
Sidnei,Sidnei,100
Suso,Suso,100
Bruno Alves,Bruno Alves,100
Paulo Oliveira,Paulo Oliveira,100
Pau López,Pau López,100
Patric,Patric,100
Paco Alcácer,Paco Alcácer,100
Bruma,Bruma,100
Brais Méndez,Brais Méndez,100
Borja Valero,Borja Valero,100
Pablo Sarabia,Pablo Sarabia,100
Borja Mayoral,Borja Mayoral,100
Borja Lasso,Borja Lasso,100
Borja Bastón,Borja Bastón,100
Beñat,Beñat,100
Otávio,Otávio,100
Bernardo Silva,Bernardo Silva,100
Bernardo,Bernardo,100
Oriol Romeu,Oriol Romeu,100
Rodrigo Ely,Rodrigo Ely,100
Bastos,Bastos,100
Baba Fernandes,Baba Fernandes,100
Jaume Costa,Jaume Costa,100
Javi Fuego,Javi Fuego,100
Javi García,Javi García,100
Pedro López,Pedro López,100
Sergio Ramos,Sergio Ramos,100
Sergio León,Sergio León,100
Sergio Busquets,Sergio Busquets,100
Isco,Isco,100
Ivi,Ivi,100
Charles,Charles,100
Casemiro,Casemiro,100
Carlos Soler,Carlos Soler,100
Caiuby,Caiuby,100
Cafú,Cafú,100
Pol Lirola,Pol Lirola,100
Iván Alejo,Iván Alejo,100
Iván Cuéllar,Iván Cuéllar,100
Iván Ramis,Iván Ramis,100
Pepe Reina,Pepe Reina,100
Cristiano Ronaldo,Cristiano Ronaldo,100
Burgui,Burgui,100
Sabin Merino,Sabin Merino,100
Samir,Samir,100
Samu Castillejo,Samu Castillejo,100
Pedro Obiang,Pedro Obiang,100
Santi Mina,Santi Mina,100
Sergi Darder,Sergi Darder,100
Sergi Enrich,Sergi Enrich,100
Sergi Gómez,Sergi Gómez,100
Sergi Roberto,Sergi Roberto,100
Pedro Mendes,Pedro Mendes,100
Sergio,Sergio,100
Bruno Gaspar,Bruno Gaspar,100
Iñigo Martínez,Iñigo Martínez,100
Kévin Rodrigues,Kévin Rodrigues,100
